{
    "@id": "table/episode/continuity-of-support.json",
    "@context": {
        "http://www.w3.org/ns/csvw": {
            "@language": "en"
        }
    },
    "columns": [{
        "name": "id",
        "titles": ["id"],
        "schema:dateCreated": "2019-07-01",
        "schema:dateDeleted": "2019-07-01",
        "schema:dateModified": "2019-07-01",
        "datatype": "string"
    }, {
        "name": "description",
        "titles": ["description"],
        "schema:dateCreated": "2019-07-01",
        "schema:dateDeleted": "2019-07-01",
        "schema:dateModified": "2019-07-01",
        "datatype": {
            "base": "string"
        }
    }],
    "primaryKey": "id"
}